,name,minutes_played,games_played,points,team,age,assists,attempted_field_goals,attempted_free_throws,attempted_three_point_field_goals,blocks,defensive_rebounds,games_started,made_field_goals,made_free_throws,made_three_point_field_goals,offensive_rebounds,personal_fouls,positions,slug,steals,turnovers
134,Stephen Curry,2152,63,2015,GOLDEN STATE WARRIORS,32,363,1365,395,801,8,316,63,658,362,337,29,119,['POINT GUARD'],curryst01,77,213
348,Damian Lillard,2398,67,1928,PORTLAND TRAIL BLAZERS,30,505,1334,484,704,17,251,67,602,449,275,32,102,['POINT GUARD'],lillada01,62,203
304,Nikola Jokić,2488,72,1898,DENVER NUGGETS,25,599,1293,394,237,48,575,72,732,342,92,205,192,['CENTER'],jokicni01,95,222
41,Bradley Beal,2147,60,1878,WASHINGTON WIZARDS,27,265,1382,459,373,22,211,60,670,408,130,72,140,['SHOOTING GUARD'],bealbr01,69,187
151,Luka Dončić,2262,66,1830,DALLAS MAVERICKS,21,567,1351,471,548,36,473,66,647,344,192,54,152,['POINT GUARD'],doncilu01,64,281
14,Giannis Antetokounmpo,2013,61,1717,MILWAUKEE BUCKS,26,357,1100,581,221,73,574,61,626,398,67,97,168,['POWER FORWARD'],antetgi01,72,207
485,Julius Randle,2667,71,1712,NEW YORK KNICKS,26,427,1321,429,389,18,639,71,602,348,160,84,225,['POWER FORWARD'],randlju01,64,241
64,Devin Booker,2270,67,1712,PHOENIX SUNS,24,289,1287,392,371,16,247,67,623,340,126,34,181,['SHOOTING GUARD'],bookede01,53,207
544,Jayson Tatum,2290,64,1692,BOSTON CELTICS,22,276,1318,340,485,31,422,64,605,295,187,50,122,['SMALL FORWARD'],tatumja01,75,171
611,Zion Williamson,2026,61,1647,NEW ORLEANS PELICANS,20,226,1037,529,34,39,274,61,634,369,10,167,135,['POWER FORWARD'],willizi01,57,167
623,Trae Young,2125,63,1594,ATLANTA HAWKS,22,594,1112,546,397,12,207,63,487,484,136,38,111,['POINT GUARD'],youngtr01,53,261
335,Zach LaVine,2034,58,1591,CHICAGO BULLS,25,282,1123,298,477,27,253,58,569,253,200,36,138,['SHOOTING GUARD'],lavinza01,46,203
186,De'Aaron Fox,2036,58,1461,SACRAMENTO KINGS,23,417,1110,417,320,27,170,58,529,300,103,33,170,['POINT GUARD'],foxde01,87,174
521,Collin Sexton,2115,60,1460,CLEVELAND CAVALIERS,22,262,1105,383,264,10,129,60,525,312,98,58,157,['SHOOTING GUARD'],sextoco01,62,167
168,Joel Embiid,1585,51,1451,PHILADELPHIA 76ERS,26,145,899,548,154,69,426,51,461,471,58,113,123,['CENTER'],embiijo01,50,159
281,Kyrie Irving,1886,54,1451,BROOKLYN NETS,28,324,1086,218,378,37,205,54,549,201,152,52,140,['POINT GUARD'],irvinky01,76,130
280,Brandon Ingram,2093,61,1450,NEW ORLEANS PELICANS,23,296,1101,320,375,36,265,61,513,281,143,34,124,['SMALL FORWARD'],ingrabr01,42,154
599,Russell Westbrook,2369,65,1445,WASHINGTON WIZARDS,32,763,1238,413,273,23,641,65,544,271,86,109,190,['POINT GUARD'],westbru01,89,312
84,Jaylen Brown,1999,58,1430,BOSTON CELTICS,24,195,1111,250,411,32,276,58,538,191,163,71,168,['SHOOTING GUARD'],brownja02,72,158
510,Terry Rozier,2383,69,1407,CHARLOTTE HORNETS,26,293,1134,202,571,26,255,69,510,165,222,47,119,['SHOOTING GUARD'],roziete01,87,128
402,Donovan Mitchell,1771,53,1401,UTAH JAZZ,24,277,1091,316,461,15,185,53,478,267,178,50,117,['POINT GUARD'],mitchdo01,52,147
163,Anthony Edwards,2314,72,1392,MINNESOTA TIMBERWOLVES,19,211,1211,272,520,36,277,55,505,211,171,59,129,['SHOOTING GUARD'],edwaran01,82,160
397,Khris Middleton,2269,68,1385,MILWAUKEE BUCKS,29,370,1074,236,365,9,352,68,511,212,151,54,160,['SMALL FORWARD'],middlkh01,74,178
604,Andrew Wiggins,2364,71,1320,GOLDEN STATE WARRIORS,25,167,1058,238,368,70,265,71,505,170,140,82,159,['POWER FORWARD'],wiggian01,67,126
143,DeMar DeRozan,2056,61,1316,SAN ANTONIO SPURS,31,422,920,440,74,15,219,61,455,387,19,40,128,['POWER FORWARD'],derozde01,56,119
343,Kawhi Leonard,1773,52,1292,LOS ANGELES CLIPPERS,29,269,908,295,254,21,282,52,465,261,101,55,82,['SMALL FORWARD'],leonaka01,81,105
34,RJ Barrett,2511,72,1264,NEW YORK KNICKS,20,217,1060,276,309,20,346,72,467,206,124,68,188,['SHOOTING GUARD'],barrerj01,53,139
513,Domantas Sabonis,2231,62,1260,INDIANA PACERS,24,415,904,328,162,33,592,62,484,240,52,150,203,['POWER FORWARD'],sabondo01,76,213
199,Paul George,1821,54,1259,LOS ANGELES CLIPPERS,30,280,953,228,416,24,314,54,445,198,171,45,132,['SMALL FORWARD'],georgpa01,62,179
567,Karl-Anthony Towns,1689,50,1239,MINNESOTA TIMBERWOLVES,25,225,875,311,315,57,396,50,425,267,122,133,186,['CENTER'],townska01,39,160
59,Bojan Bogdanović,2216,72,1225,UTAH JAZZ,31,136,925,265,461,4,241,72,406,233,180,40,115,['SMALL FORWARD'],bogdabo02,45,128
240,Tobias Harris,2014,62,1210,PHILADELPHIA 76ERS,28,220,924,204,208,51,357,62,473,182,82,62,119,['POWER FORWARD'],harrito02,55,107
211,Jerami Grant,1829,54,1205,DETROIT PISTONS,26,152,932,343,329,58,215,54,400,290,115,35,125,['SMALL FORWARD'],grantje01,35,109
406,Ja Morant,2053,63,1204,MEMPHIS GRIZZLIES,21,465,957,372,241,13,193,63,430,271,73,59,87,['POINT GUARD'],moranja01,57,203
3,Bam Adebayo,2143,64,1197,MIAMI HEAT,23,346,800,354,8,66,431,64,456,283,2,142,145,['CENTER'],adebaba01,75,169
524,Pascal Siakam,2006,56,1196,TORONTO RAPTORS,26,250,961,301,246,37,310,56,437,249,73,95,174,['POWER FORWARD'],siakapa01,64,130
79,Malcolm Brogdon,1930,56,1186,INDIANA PACERS,28,329,980,177,374,15,236,56,444,153,145,58,110,['POINT GUARD'],brogdma01,49,115
253,Buddy Hield,2433,71,1176,SACRAMENTO KINGS,28,257,992,104,721,30,305,71,403,88,282,29,175,['SHOOTING GUARD'],hieldbu01,63,130
471,Michael Porter Jr.,1912,61,1162,DENVER NUGGETS,22,70,817,134,382,54,354,54,443,106,170,91,126,['SMALL FORWARD'],portemi01,40,77
455,Chris Paul,2199,70,1149,PHOENIX SUNS,35,622,879,181,258,19,287,70,439,169,102,25,166,['POINT GUARD'],paulch01,99,156
291,LeBron James,1504,45,1126,LOS ANGELES LAKERS,36,350,823,255,285,25,317,45,422,178,104,29,70,['POINT GUARD'],jamesle01,48,168
95,Jimmy Butler,1745,52,1116,MIAMI HEAT,31,369,736,416,102,18,265,52,366,359,25,94,71,['SMALL FORWARD'],butleji01,108,109
379,CJ McCollum,1600,47,1087,PORTLAND TRAIL BLAZERS,29,223,884,133,420,21,155,47,405,108,169,30,87,['SHOOTING GUARD'],mccolcj01,44,65
582,Nikola Vučević,1500,44,1080,ORLANDO MAGIC,30,167,908,110,288,28,430,44,436,91,117,87,79,['CENTER'],vucevni01,42,83
412,Dejounte Murray,2139,67,1051,SAN ANTONIO SPURS,24,363,974,134,199,7,415,67,441,106,63,58,135,['POINT GUARD'],murrade01,101,117
260,Jrue Holiday,1907,59,1046,MILWAUKEE BUCKS,30,357,823,136,283,37,195,56,414,107,111,73,98,['POINT GUARD'],holidjr01,96,127
600,Coby White,2156,69,1041,CHICAGO BULLS,20,328,902,142,454,15,256,54,375,128,163,28,179,['POINT GUARD'],whiteco01,38,156
577,Fred VanVleet,1899,52,1019,TORONTO RAPTORS,26,328,870,191,476,37,188,52,338,169,174,32,119,['SHOOTING GUARD'],vanvlfr01,87,95
413,Jamal Murray,1704,48,1018,DENVER NUGGETS,23,231,792,153,316,13,157,48,378,133,129,37,95,['POINT GUARD'],murraja01,64,108
205,Rudy Gobert,2187,71,1015,UTAH JAZZ,28,89,579,374,4,190,720,71,391,233,0,240,163,['CENTER'],goberru01,40,118
25,Deandre Ayton,2115,69,997,PHOENIX SUNS,22,99,687,173,20,81,499,69,430,133,4,228,196,['CENTER'],aytonde01,41,103
239,Joe Harris,2141,69,974,BROOKLYN NETS,29,130,707,63,444,14,205,65,357,49,211,43,141,['SMALL FORWARD'],harrijo01,46,62
75,Mikal Bridges,2348,72,970,PHOENIX SUNS,24,152,669,131,315,63,233,72,363,110,134,76,116,['SMALL FORWARD'],bridgmi01,76,57
102,Clint Capela,1898,63,956,ATLANTA HAWKS,26,49,695,227,0,129,606,63,413,130,0,297,145,['CENTER'],capelca01,44,73
162,Kevin Durant,1157,35,943,BROOKLYN NETS,32,195,603,238,189,45,234,32,324,210,85,13,70,['POWER FORWARD'],duranke01,25,120
499,Duncan Robinson,2262,72,942,MIAMI HEAT,26,127,717,75,613,20,243,72,315,62,250,7,181,['SMALL FORWARD'],robindu01,43,81
196,Darius Garland,1790,54,941,CLEVELAND CAVALIERS,21,329,802,132,266,6,106,50,362,112,105,23,110,['POINT GUARD'],garlada01,66,164
518,Dennis Schröder,1956,61,941,LOS ANGELES LAKERS,27,351,760,243,212,13,181,61,332,206,71,30,159,['SHOOTING GUARD'],schrode01,70,163
33,Harrison Barnes,2102,58,933,SACRAMENTO KINGS,28,201,642,235,256,11,321,58,319,195,100,64,75,['POWER FORWARD'],barneha02,43,93
231,James Harden,1319,36,885,BROOKLYN NETS,31,392,599,263,262,27,277,35,282,225,96,30,85,['POINT GUARD'],hardeja01,46,143
475,Kristaps Porziņģis,1327,43,865,DALLAS MAVERICKS,25,68,683,138,258,58,299,43,325,118,97,82,115,['CENTER'],porzikr01,20,51
249,Gordon Hayward,1496,44,863,CHARLOTTE HORNETS,30,181,658,185,205,14,221,44,311,156,85,37,74,['SMALL FORWARD'],haywago01,52,91
618,Christian Wood,1326,41,860,HOUSTON ROCKETS,25,71,640,198,206,48,319,41,329,125,77,76,88,['CENTER'],woodch01,34,80
448,Kelly Oubre Jr.,1687,55,849,GOLDEN STATE WARRIORS,25,73,724,177,285,42,247,50,318,123,90,82,121,['SMALL FORWARD'],oubreke01,57,70
202,Shai Gilgeous-Alexander,1180,35,830,OKLAHOMA CITY THUNDER,22,207,565,229,170,23,147,35,287,185,71,19,70,['SHOOTING GUARD'],gilgesh01,27,106
527,Ben Simmons,1877,58,829,PHILADELPHIA 76ERS,24,401,583,287,10,35,324,58,325,176,3,93,171,['POINT GUARD'],simmobe01,93,173
588,Kemba Walker,1369,43,829,BOSTON CELTICS,30,212,676,149,353,12,154,43,284,134,127,16,61,['POINT GUARD'],walkeke02,48,88
594,P.J. Washington,1954,64,824,CHARLOTTE HORNETS,22,161,686,145,290,79,325,61,302,108,112,93,171,['POWER FORWARD'],washipj01,69,128
590,John Wall,1288,40,823,HOUSTON ROCKETS,30,275,726,211,249,31,112,40,293,158,79,17,46,['POINT GUARD'],walljo01,42,141
477,Norman Powell,1277,42,823,TORONTO RAPTORS,27,77,566,163,269,8,107,31,282,141,118,19,98,['SHOOTING GUARD'],powelno01,47,77
271,Kevin Huerter,2126,69,822,ATLANTA HAWKS,22,241,731,64,386,18,193,49,316,50,140,38,165,['SHOOTING GUARD'],huertke01,82,79
210,Devonte' Graham,1659,55,816,CHARLOTTE HORNETS,25,295,669,158,477,6,126,44,252,133,179,22,77,['POINT GUARD'],grahade01,48,84
252,Tyler Herro,1635,54,815,MIAMI HEAT,21,184,699,117,297,17,243,15,307,94,107,25,71,['SHOOTING GUARD'],herroty01,35,101
30,Lonzo Ball,1747,55,802,NEW ORLEANS PELICANS,23,316,700,64,455,31,230,55,290,50,172,33,103,['POINT GUARD'],balllo01,82,123
355,Kyle Lowry,1601,46,791,TORONTO RAPTORS,34,338,596,160,331,14,212,46,260,140,131,35,143,['POINT GUARD'],lowryky01,45,126
222,Rui Hachimura,1797,57,789,WASHINGTON WIZARDS,22,82,648,161,137,7,263,57,310,124,45,49,120,['POWER FORWARD'],hachiru01,44,68
136,Anthony Davis,1162,36,786,LOS ANGELES LAKERS,27,110,613,214,100,59,224,36,301,158,26,62,60,['POWER FORWARD'],davisan02,45,74
261,Justin Holiday,2183,72,756,INDIANA PACERS,31,119,625,85,453,41,224,52,258,67,173,32,135,['SHOOTING GUARD'],holidju01,74,54
40,Darius Bazley,1714,55,754,OKLAHOMA CITY THUNDER,20,99,690,178,286,25,345,55,273,125,83,51,60,['POWER FORWARD'],bazleda01,29,122
224,Tyrese Haliburton,1746,58,753,SACRAMENTO KINGS,20,309,619,56,296,28,134,20,292,48,121,39,83,['POINT GUARD'],halibty01,77,92
346,Caris LeVert,1152,35,726,INDIANA PACERS,26,173,614,146,195,24,139,35,272,120,62,23,85,['SHOOTING GUARD'],leverca01,53,76
42,Malik Beasley,1214,37,724,MINNESOTA TIMBERWOLVES,24,88,600,80,321,7,134,36,264,68,128,28,62,['SHOOTING GUARD'],beaslma01,30,60
494,Josh Richardson,1790,59,715,DALLAS MAVERICKS,27,153,618,108,267,24,144,56,264,99,88,51,130,['SHOOTING GUARD'],richajo01,61,79
35,Will Barton,1736,56,711,DENVER NUGGETS,30,181,608,121,257,23,187,52,259,95,98,39,95,['SMALL FORWARD'],bartowi01,50,96
19,OG Anunoby,1433,43,682,TORONTO RAPTORS,23,94,519,102,261,32,183,43,249,80,104,54,114,['SMALL FORWARD'],anunoog01,66,75
10,Jarrett Allen,1544,51,672,CLEVELAND CAVALIERS,22,86,417,229,19,71,348,40,254,158,6,158,75,['CENTER'],allenja01,25,78
437,Isaac Okoro,2173,67,646,CLEVELAND CAVALIERS,20,128,559,157,214,24,138,67,235,114,62,68,185,['SHOOTING GUARD'],okorois01,62,86
531,Marcus Smart,1581,48,627,BOSTON CELTICS,26,273,510,162,282,23,131,45,203,128,93,36,126,['POINT GUARD'],smartma01,72,96
568,Gary Trent Jr.,1262,41,613,PORTLAND TRAIL BLAZERS,22,58,524,75,305,6,70,23,217,58,121,21,63,['SHOOTING GUARD'],trentga02,37,31
128,Robert Covington,2243,70,593,PORTLAND TRAIL BLAZERS,30,117,509,62,356,84,405,70,204,50,135,61,195,['POWER FORWARD'],covinro01,101,64
573,Myles Turner,1455,47,592,INDIANA PACERS,24,48,432,142,206,159,243,47,206,111,69,63,165,['CENTER'],turnemy01,40,67
179,Dorian Finney-Smith,1921,60,590,DALLAS MAVERICKS,27,102,466,41,302,25,228,60,220,31,119,98,138,['POWER FORWARD'],finnedo01,52,48
583,Nikola Vučević,848,26,559,CHICAGO BULLS,30,102,488,46,152,20,241,26,230,40,59,59,58,['CENTER'],vucevni01,23,43
444,Kelly Olynyk,840,27,513,HOUSTON ROCKETS,29,112,321,135,125,16,185,24,175,114,49,43,84,['POWER FORWARD'],olynyke01,39,71
184,Evan Fournier,787,26,511,ORLANDO MAGIC,28,95,369,123,188,9,70,26,170,98,73,5,55,['SMALL FORWARD'],fournev01,27,54
431,Royce O'Neale,2241,71,496,UTAH JAZZ,27,181,394,46,278,32,397,71,175,39,107,88,182,['SMALL FORWARD'],onealro01,57,83
478,Norman Powell,928,27,460,PORTLAND TRAIL BLAZERS,27,52,352,108,147,10,66,27,156,95,53,23,62,['SMALL FORWARD'],powelno01,35,42
213,Draymond Green,1982,63,444,GOLDEN STATE WARRIORS,30,558,380,88,126,52,394,63,170,70,34,55,194,['POWER FORWARD'],greendr01,105,188
470,Kevin Porter Jr.,835,26,431,HOUSTON ROCKETS,20,164,367,94,161,8,79,23,156,69,50,20,61,['SHOOTING GUARD'],porteke02,19,91
440,Victor Oladipo,669,20,424,HOUSTON ROCKETS,28,99,381,83,153,10,87,20,155,65,49,8,45,['SHOOTING GUARD'],oladivi01,24,51
418,Larry Nance Jr.,1091,35,327,CLEVELAND CAVALIERS,28,107,272,49,114,17,181,27,128,30,41,54,72,['POWER FORWARD'],nancela02,61,55
569,Gary Trent Jr.,540,17,275,TORONTO RAPTORS,22,22,261,31,124,4,55,15,103,25,44,6,29,['SHOOTING GUARD'],trentga02,19,12
219,Blake Griffin,626,20,245,DETROIT PISTONS,31,77,222,62,124,2,97,20,81,44,39,7,42,['POWER FORWARD'],griffbl01,14,32
51,Khem Birch,577,19,227,TORONTO RAPTORS,28,36,171,44,31,22,87,17,95,28,9,57,46,['CENTER'],birchkh01,16,21
230,James Harden,290,8,198,HOUSTON ROCKETS,31,83,135,60,72,6,36,8,60,53,25,5,14,['POINT GUARD'],hardeja01,7,34
236,Gary Harris,581,19,184,DENVER NUGGETS,26,32,156,30,75,4,34,19,69,22,24,13,37,['SHOOTING GUARD'],harriga01,17,14
439,Victor Oladipo,300,9,180,INDIANA PACERS,28,38,152,37,69,2,50,9,64,27,25,1,23,['SHOOTING GUARD'],oladivi01,15,18
554,Khyri Thomas,153,5,82,HOUSTON ROCKETS,24,25,66,9,27,6,11,2,32,9,9,7,8,['SHOOTING GUARD'],thomakh01,9,6
90,Elijah Bryant,32,1,16,MILWAUKEE BUCKS,25,3,13,3,5,1,4,0,6,3,1,2,4,['SHOOTING GUARD'],bryanel01,0,4
288,Justin Jackson,33,1,9,MILWAUKEE BUCKS,25,1,9,2,6,0,4,0,3,1,2,2,1,['SMALL FORWARD'],jacksju01,0,1
