,name,minutes_played,games_played,points,team,age,assists,attempted_field_goals,attempted_free_throws,attempted_three_point_field_goals,blocks,defensive_rebounds,games_started,made_field_goals,made_free_throws,made_three_point_field_goals,offensive_rebounds,personal_fouls,positions,slug,steals,turnovers
711,Trae Young,2652,76,2155,ATLANTA HAWKS,23,737,1544,553,610,7,234,76,711,500,233,50,128,['POINT GUARD'],youngtr01,72,303
150,DeMar DeRozan,2743,76,2118,CHICAGO BULLS,32,374,1535,593,142,24,336,76,774,520,50,56,178,['POWER FORWARD'],derozde01,68,181
184,Joel Embiid,2297,68,2079,PHILADELPHIA 76ERS,27,284,1334,803,251,99,650,68,666,654,93,146,181,['CENTER'],embiijo01,77,214
622,Jayson Tatum,2731,76,2046,BOSTON CELTICS,23,334,1564,469,651,49,524,76,708,400,230,85,174,['SMALL FORWARD'],tatumja01,75,217
343,Nikola Jokić,2476,74,2004,DENVER NUGGETS,26,584,1311,468,288,63,813,74,764,379,97,206,191,['CENTER'],jokicni01,109,281
13,Giannis Antetokounmpo,2204,67,2002,MILWAUKEE BUCKS,27,388,1245,766,242,91,644,67,689,553,71,134,212,['POWER FORWARD'],antetgi01,72,219
159,Luka Dončić,2301,65,1847,DALLAS MAVERICKS,22,568,1403,489,569,36,537,65,641,364,201,56,145,['POINT GUARD'],doncilu01,75,292
64,Devin Booker,2345,68,1822,PHOENIX SUNS,25,329,1421,363,478,26,297,68,662,315,183,45,180,['SHOOTING GUARD'],bookede01,77,162
647,Karl-Anthony Towns,2476,74,1818,MINNESOTA TIMBERWOLVES,26,269,1214,467,366,83,533,74,642,384,150,194,267,['CENTER'],townska01,72,226
452,Donovan Mitchell,2266,67,1733,UTAH JAZZ,25,358,1376,313,654,12,227,67,617,267,232,55,164,['SHOOTING GUARD'],mitchdo01,99,200
323,LeBron James,2084,56,1695,LOS ANGELES LAKERS,37,349,1221,336,448,59,396,56,640,254,161,63,121,['CENTER'],jamesle01,73,196
176,Kevin Durant,2047,55,1643,BROOKLYN NETS,33,351,1115,409,300,52,378,55,578,372,115,29,113,['POWER FORWARD'],duranke01,48,191
386,Zach LaVine,2328,67,1635,CHICAGO BULLS,26,303,1186,375,475,23,286,67,565,320,185,22,120,['SHOOTING GUARD'],lavinza01,41,171
142,Stephen Curry,2211,64,1630,GOLDEN STATE WARRIORS,33,404,1224,298,750,23,301,64,535,275,285,34,130,['POINT GUARD'],curryst01,85,206
72,Miles Bridges,2837,80,1613,CHARLOTTE HORNETS,23,300,1214,333,465,67,469,80,596,267,154,90,193,['POWER FORWARD'],bridgmi02,74,150
462,Ja Morant,1889,57,1564,MEMPHIS GRIZZLIES,22,384,1177,415,256,22,248,57,580,316,88,77,86,['POINT GUARD'],moranja01,66,196
84,Jaylen Brown,2220,66,1559,BOSTON CELTICS,25,231,1217,318,464,18,351,66,576,241,166,53,163,['SMALL FORWARD'],brownja02,70,178
589,Pascal Siakam,2578,68,1551,TORONTO RAPTORS,27,360,1207,379,218,42,452,68,596,284,75,128,225,['POWER FORWARD'],siakapa01,85,181
178,Anthony Edwards,2466,72,1533,MINNESOTA TIMBERWOLVES,20,275,1245,280,602,46,281,72,549,220,215,62,164,['SHOOTING GUARD'],edwaran01,105,190
28,LaMelo Ball,2422,75,1508,CHARLOTTE HORNETS,20,571,1254,243,565,30,393,75,538,212,220,108,237,['POINT GUARD'],ballla01,119,245
216,Darius Garland,2430,68,1473,CLEVELAND CAVALIERS,22,583,1173,241,454,7,185,68,542,215,174,39,115,['POINT GUARD'],garlada01,89,248
546,Julius Randle,2544,72,1447,NEW YORK KNICKS,27,370,1246,401,390,39,591,72,512,303,120,125,205,['POWER FORWARD'],randlju01,53,245
681,Russell Westbrook,2678,78,1441,LOS ANGELES LAKERS,33,550,1233,399,265,20,470,78,548,266,79,110,235,['POINT GUARD'],westbru01,75,295
474,Dejounte Murray,2366,68,1438,SAN ANTONIO SPURS,25,627,1241,247,294,23,483,68,573,196,96,80,138,['POINT GUARD'],murrade01,138,180
568,Terry Rozier,2458,73,1408,CHARLOTTE HORNETS,27,326,1167,176,593,25,259,73,518,150,222,56,119,['SHOOTING GUARD'],roziete01,93,96
527,Jordan Poole,2283,76,1405,GOLDEN STATE WARRIORS,22,304,1058,266,580,23,226,51,474,246,211,34,206,['SHOOTING GUARD'],poolejo01,60,187
36,RJ Barrett,2417,70,1402,NEW YORK KNICKS,21,208,1194,406,404,16,342,70,487,290,138,66,142,['SMALL FORWARD'],barrerj01,43,151
224,Shai Gilgeous-Alexander,1942,56,1371,OKLAHOMA CITY THUNDER,23,331,1052,405,297,46,241,56,477,328,89,37,142,['POINT GUARD'],gilgesh01,71,154
274,Tyler Herro,2151,66,1367,MIAMI HEAT,22,263,1122,219,439,8,297,10,501,190,175,32,95,['SHOOTING GUARD'],herroty01,44,174
203,De'Aaron Fox,2083,59,1367,SACRAMENTO KINGS,24,330,1092,348,249,25,206,59,516,261,74,25,172,['POINT GUARD'],foxde01,68,168
445,Khris Middleton,2141,66,1325,MILWAUKEE BUCKS,30,358,1021,291,434,18,315,66,452,259,162,41,160,['SMALL FORWARD'],middlkh01,76,190
52,Saddiq Bey,2704,82,1321,DETROIT PISTONS,22,233,1136,254,610,16,334,82,450,210,211,107,128,['SMALL FORWARD'],beysa01,73,96
657,Fred VanVleet,2462,65,1320,TORONTO RAPTORS,27,434,1097,222,642,35,245,65,442,194,242,44,162,['POINT GUARD'],vanvlfr01,111,170
653,Jonas Valančiūnas,2240,74,1314,NEW ORLEANS PELICANS,29,190,938,289,158,60,617,74,510,237,57,226,247,['CENTER'],valanjo01,41,179
424,Tyrese Maxey,2650,75,1311,PHILADELPHIA 76ERS,21,321,995,246,309,32,214,74,483,213,132,26,156,['POINT GUARD'],maxeyty01,55,88
660,Nikola Vučević,2418,73,1288,CHICAGO BULLS,31,236,1154,121,331,71,662,73,546,92,104,142,181,['CENTER'],vucevni01,70,136
89,Jalen Brunson,2524,79,1285,DALLAS MAVERICKS,25,377,1008,213,252,3,266,61,506,179,94,43,151,['SHOOTING GUARD'],brunsja01,66,124
648,Gary Trent Jr.,2448,70,1283,TORONTO RAPTORS,23,141,1086,204,545,19,165,69,450,174,209,26,144,['SHOOTING GUARD'],trentga02,122,73
337,Keldon Johnson,2392,75,1278,SAN ANTONIO SPURS,22,158,1011,234,399,14,377,74,471,177,159,80,148,['SMALL FORWARD'],johnske04,58,92
34,Harrison Barnes,2587,77,1265,SACRAMENTO KINGS,29,186,834,413,360,14,350,77,391,341,142,82,94,['POWER FORWARD'],barneha02,53,118
322,Reggie Jackson,2337,75,1263,LOS ANGELES CLIPPERS,31,359,1222,163,512,15,232,75,479,138,167,39,159,['SHOOTING GUARD'],jacksre01,55,173
259,Tobias Harris,2543,73,1257,PHILADELPHIA 76ERS,29,252,1022,202,275,43,419,73,493,170,101,77,164,['POWER FORWARD'],harrito02,47,116
688,Andrew Wiggins,2329,73,1256,GOLDEN STATE WARRIORS,26,161,1019,235,399,51,240,73,475,149,157,85,158,['SMALL FORWARD'],wiggian01,76,111
60,Bojan Bogdanović,2131,69,1248,UTAH JAZZ,32,120,928,260,468,1,238,69,422,223,181,58,116,['POWER FORWARD'],bogdabo02,34,118
312,Brandon Ingram,1869,55,1246,NEW ORLEANS PELICANS,24,307,983,322,226,26,285,55,453,266,74,35,119,['SMALL FORWARD'],ingrabr01,34,151
286,Jrue Holiday,2207,67,1225,MILWAUKEE BUCKS,31,457,954,180,321,29,232,64,478,137,132,69,133,['POINT GUARD'],holidjr01,108,183
96,Jimmy Butler,1931,57,1219,MIAMI HEAT,32,312,829,455,116,27,234,57,398,396,27,102,88,['SMALL FORWARD'],butleji01,94,121
702,Christian Wood,2094,68,1218,HOUSTON ROCKETS,26,155,878,332,336,65,576,67,440,207,131,110,171,['CENTER'],woodch01,54,126
662,Franz Wagner,2429,79,1197,ORLANDO MAGIC,20,231,975,219,271,34,272,79,456,189,96,84,164,['SMALL FORWARD'],wagnefr01,68,119
570,D'Angelo Russell,2077,65,1176,MINNESOTA TIMBERWOLVES,25,460,975,240,518,22,191,65,401,198,176,25,130,['POINT GUARD'],russeda01,62,165
71,Mikal Bridges,2854,82,1162,PHOENIX SUNS,25,185,858,157,312,36,273,82,458,131,115,74,150,['SMALL FORWARD'],bridgmi01,96,68
237,Jalen Green,2138,67,1157,HOUSTON ROCKETS,19,176,954,236,458,18,193,67,406,188,157,33,103,['SHOOTING GUARD'],greenja05,44,135
35,Scottie Barnes,2617,74,1134,TORONTO RAPTORS,20,256,932,215,193,55,362,74,459,158,58,195,192,['POWER FORWARD'],barnesc01,80,136
379,Kyle Kuzma,2204,66,1130,WASHINGTON WIZARDS,26,233,936,219,375,57,491,66,423,156,128,70,128,['POWER FORWARD'],kuzmaky01,42,169
230,Aaron Gordon,2376,75,1126,DENVER NUGGETS,26,188,834,230,260,44,314,75,434,171,87,125,148,['POWER FORWARD'],gordoaa01,44,133
139,Cade Cunningham,2088,64,1114,DETROIT PISTONS,20,356,1031,168,363,43,296,64,429,142,114,58,200,['SHOOTING GUARD'],cunnica01,78,234
2,Bam Adebayo,1825,56,1068,MIAMI HEAT,24,190,729,340,6,44,427,56,406,256,0,137,171,['CENTER'],adebaba01,80,148
16,Cole Anthony,2059,65,1062,ORLANDO MAGIC,21,369,912,253,391,17,316,65,357,216,132,32,171,['POINT GUARD'],anthoco01,46,170
37,Will Barton,2277,71,1043,DENVER NUGGETS,31,276,896,127,430,31,296,71,392,102,157,44,114,['SHOOTING GUARD'],bartowi01,55,127
453,Evan Mobley,2331,69,1034,CLEVELAND CAVALIERS,20,174,830,252,92,115,427,69,422,167,23,143,147,['POWER FORWARD'],mobleev01,56,133
227,Rudy Gobert,2120,66,1027,UTAH JAZZ,29,72,508,439,4,137,727,66,362,303,0,241,176,['CENTER'],goberru01,45,119
98,Kentavious Caldwell-Pope,2329,77,1018,WASHINGTON WIZARDS,28,145,829,154,408,26,220,77,361,137,159,41,139,['SHOOTING GUARD'],caldwke01,83,97
251,James Harden,1627,44,990,BROOKLYN NETS,32,447,706,350,307,31,309,44,292,304,102,42,105,['POINT GUARD'],hardeja01,56,212
514,Chris Paul,2139,65,958,PHOENIX SUNS,36,702,736,202,199,20,261,65,363,169,63,22,134,['POINT GUARD'],paulch01,121,153
528,Kevin Porter Jr.,1907,61,949,HOUSTON ROCKETS,21,376,808,193,413,22,224,61,335,124,155,43,156,['POINT GUARD'],porteke02,69,192
44,Bradley Beal,1439,40,928,WASHINGTON WIZARDS,28,265,771,203,210,15,151,40,348,169,63,38,95,['SHOOTING GUARD'],bealbr01,36,135
143,Anthony Davis,1404,40,927,LOS ANGELES LAKERS,28,122,695,244,70,90,288,40,370,174,13,106,97,['CENTER'],davisan02,49,82
8,Jarrett Allen,1809,56,904,CLEVELAND CAVALIERS,23,92,545,233,10,75,410,56,369,165,1,192,97,['CENTER'],allenja01,44,94
233,Jerami Grant,1500,47,904,DETROIT PISTONS,27,111,699,259,254,49,163,47,298,217,91,28,107,['POWER FORWARD'],grantje01,44,85
414,Lauri Markkanen,1878,61,900,CLEVELAND CAVALIERS,24,81,703,159,380,30,286,61,313,138,136,59,130,['SMALL FORWARD'],markkla01,45,54
572,Domantas Sabonis,1632,47,888,INDIANA PACERS,25,236,571,258,108,22,412,46,331,191,35,155,146,['POWER FORWARD'],sabondo01,46,143
194,Dorian Finney-Smith,2644,80,880,DALLAS MAVERICKS,28,150,692,83,435,39,253,80,326,56,172,122,183,['POWER FORWARD'],finnedo01,88,80
160,Luguentz Dort,1665,51,877,OKLAHOMA CITY THUNDER,22,88,726,191,391,18,174,51,293,161,130,38,149,['SHOOTING GUARD'],dortlu01,46,88
122,John Collins,1663,54,876,ATLANTA HAWKS,24,98,644,169,176,56,329,53,339,134,64,93,164,['POWER FORWARD'],collijo01,33,60
599,Marcus Smart,2296,71,861,BOSTON CELTICS,27,417,718,179,360,18,228,71,300,142,119,42,160,['POINT GUARD'],smartma01,119,159
404,Kyle Lowry,2133,63,844,MIAMI HEAT,35,474,627,174,382,17,249,63,276,148,144,33,177,['POINT GUARD'],lowryky01,67,168
17,OG Anunoby,1728,48,822,TORONTO RAPTORS,24,125,697,118,317,25,190,48,309,89,115,74,131,['SMALL FORWARD'],anunoog01,71,80
313,Kyrie Irving,1091,29,796,BROOKLYN NETS,29,167,616,129,239,17,111,29,289,118,100,16,81,['POINT GUARD'],irvinky01,41,73
268,Gordon Hayward,1564,49,778,CHARLOTTE HORNETS,31,177,617,149,220,22,186,48,283,126,86,38,85,['SMALL FORWARD'],haywago01,47,81
221,Paul George,1077,31,754,LOS ANGELES CLIPPERS,31,176,636,148,257,13,201,31,268,127,91,12,74,['POWER FORWARD'],georgpa01,67,126
537,Norman Powell,1333,40,746,PORTLAND TRAIL BLAZERS,28,82,542,198,229,17,114,39,247,159,93,17,92,['SMALL FORWARD'],powelno01,40,62
429,CJ McCollum,1267,36,739,PORTLAND TRAIL BLAZERS,30,163,665,68,289,21,119,36,290,48,111,34,77,['SHOOTING GUARD'],mccolcj01,36,70
391,Caris LeVert,1214,39,728,INDIANA PACERS,27,173,622,146,189,18,120,39,278,111,61,30,91,['SHOOTING GUARD'],leverca01,35,75
246,Tyrese Haliburton,1757,51,727,SACRAMENTO KINGS,21,379,586,104,252,34,160,51,268,87,104,39,71,['SHOOTING GUARD'],halibty01,86,115
683,Derrick White,1486,49,706,SAN ANTONIO SPURS,27,274,570,160,258,42,148,48,243,139,81,25,116,['SHOOTING GUARD'],whitede01,49,87
395,Damian Lillard,1056,29,695,PORTLAND TRAIL BLAZERS,31,212,552,181,284,11,107,29,222,159,92,13,37,['POINT GUARD'],lillada01,17,83
74,Malcolm Brogdon,1206,36,687,INDIANA PACERS,29,212,543,167,186,14,152,36,243,143,58,33,71,['POINT GUARD'],brogdma01,30,77
140,Seth Curry,1566,45,676,PHILADELPHIA 76ERS,31,181,528,73,250,11,134,45,256,64,100,17,101,['SHOOTING GUARD'],curryse01,36,84
223,Josh Giddey,1700,54,674,OKLAHOMA CITY THUNDER,19,345,670,79,213,20,323,54,281,56,56,98,88,['SMALL FORWARD'],giddejo01,51,171
430,CJ McCollum,878,26,631,NEW ORLEANS PELICANS,30,152,499,102,180,1,97,26,246,68,71,19,44,['SHOOTING GUARD'],mccolcj01,34,57
493,Royce O'Neale,2406,77,570,UTAH JAZZ,28,191,444,56,306,32,304,77,203,45,119,64,183,['SMALL FORWARD'],onealro01,86,79
155,Spencer Dinwiddie,1330,44,556,WASHINGTON WIZARDS,28,256,492,143,226,7,171,44,185,116,70,36,107,['POINT GUARD'],dinwisp01,27,73
261,Josh Hart,1374,41,548,NEW ORLEANS PELICANS,26,168,386,154,130,11,265,40,195,116,42,53,118,['SHOOTING GUARD'],hartjo01,45,81
276,Buddy Hield,925,26,473,INDIANA PACERS,29,124,405,35,221,10,109,26,181,31,80,23,71,['SHOOTING GUARD'],hieldbu01,25,63
29,Lonzo Ball,1212,35,455,CHICAGO BULLS,24,178,383,28,260,31,155,35,162,21,110,35,85,['POINT GUARD'],balllo01,64,82
247,Tyrese Haliburton,938,26,454,INDIANA PACERS,21,249,323,86,137,15,90,26,162,73,57,22,50,['POINT GUARD'],halibty01,48,84
252,James Harden,792,21,442,PHILADELPHIA 76ERS,32,220,286,186,141,5,136,21,115,166,46,13,48,['POINT GUARD'],hardeja01,26,72
573,Domantas Sabonis,504,15,283,SACRAMENTO KINGS,25,87,202,74,17,5,139,15,112,55,4,46,57,['POWER FORWARD'],sabondo01,13,52
262,Josh Hart,417,13,259,PORTLAND TRAIL BLAZERS,26,56,183,57,83,2,61,13,92,44,31,9,32,['SHOOTING GUARD'],hartjo01,16,33
258,Joe Harris,423,14,158,BROOKLYN NETS,30,14,124,6,88,2,51,14,56,5,41,5,31,['SMALL FORWARD'],harrijo01,7,16
283,Jaylen Hoard,240,7,103,OKLAHOMA CITY THUNDER,22,17,90,14,25,5,54,5,44,6,9,30,14,['SMALL FORWARD'],hoardja01,6,8
358,Georgios Kalaitzakis,166,4,70,OKLAHOMA CITY THUNDER,23,12,56,21,22,1,11,4,26,10,8,2,11,['SMALL FORWARD'],kalaige01,10,16
594,Zavier Simpson,174,4,44,OKLAHOMA CITY THUNDER,24,30,52,5,8,4,19,4,19,5,1,2,15,['POINT GUARD'],simpsza01,5,10
204,Melvin Frazier,120,3,32,OKLAHOMA CITY THUNDER,25,1,48,7,21,0,8,0,13,5,1,5,8,['SHOOTING GUARD'],frazime01,1,3
669,Derrick Walton,108,3,19,DETROIT PISTONS,26,21,26,4,13,4,8,3,6,4,3,2,8,['POINT GUARD'],waltode01,7,11
